ID,entidad,tipo,link
1425577687,campeche,casa,https://casa.metroscubicos.com/MLM-1425577687-casa-en-remate-en-villa-magna-jc-_JM
1425538732,campeche,casa,https://casa.metroscubicos.com/MLM-1425538732-casa-en-remate-en-villa-magna-jc-_JM
1425553355,campeche,casa,https://casa.metroscubicos.com/MLM-1425553355-casa-adjudicada-en-fracc-residencial-san-miguel-cd-del-carmen-zfv-_JM
1424161706,campeche,casa,https://casa.metroscubicos.com/MLM-1424161706-casa-en-boulevard-el-cielo-ciudad-del-carmen-jv-_JM
1423520454,campeche,casa,https://casa.metroscubicos.com/MLM-1423520454-casa-en-venta-en-fracc-santa-rita-carmen-campeche-dcch-_JM
1426247495,campeche,venta,https://casa.metroscubicos.com/MLM-1426247495-venta-casa-en-remate-boulevard-el-cielo-campeche-_JM
1423507750,campeche,casa,https://casa.metroscubicos.com/MLM-1423507750-casa-en-venta-en-campeche-campeche-dcch-_JM
1424832838,campeche,dcb,https://casa.metroscubicos.com/MLM-1424832838-dcb-casa-col-mision-del-carmen-playa-del-carmen-qro-_JM
1424611289,campeche,casa,https://casa.metroscubicos.com/MLM-1424611289-casa-en-venta-_JM
1355244430,campeche,residencia,https://casa.metroscubicos.com/MLM-1355244430-residencia-de-lujo-a-orilla-de-mar-de-campeche-a-200-mts-del-fuerte-san-miguel-_JM
896374081,campeche,casa,https://casa.metroscubicos.com/MLM-896374081-casa-en-venta-maravilloso-country-club-campeche-_JM
1395630135,campeche,rancho,https://casa.metroscubicos.com/MLM-1395630135-rancho-de-300-hectareas-en-campeche-cerca-de-playa-_JM
1373155656,campeche,oportunidad,https://casa.metroscubicos.com/MLM-1373155656-oportunidad-casa-ubicada-en-col-santa-rita-municipio-carmen-estado-de-campeche-_JM
1346276843,campeche,casa,https://casa.metroscubicos.com/MLM-1346276843-casa-en-campeche-_JM
1365253823,campeche,casa,https://casa.metroscubicos.com/MLM-1365253823-casa-sola-en-venta-colonial-campeche-_JM
952117127,campeche,rancho,https://casa.metroscubicos.com/MLM-952117127-rancho-chacan-chomac-en-tenabo-campeche-_JM
1373880439,campeche,casa,https://casa.metroscubicos.com/MLM-1373880439-casa-sola-en-venta-miami-_JM
1338043602,campeche,casa,https://casa.metroscubicos.com/MLM-1338043602-casa-recien-remodelada-en-venta-_JM
865954662,campeche,casa,https://casa.metroscubicos.com/MLM-865954662-casa-en-isla-aguada-en-venta-_JM
927649738,campeche,bonito,https://casa.metroscubicos.com/MLM-927649738-bonito-y-pintoresco-hotel-en-el-centro-de-ciudad-del-carmen-campeche-_JM
1328031067,campeche,oportunidad,https://casa.metroscubicos.com/MLM-1328031067-oportunidad-venta-de-casa-de-campo-en-esquina-bethania-camp-_JM
1393597969,campeche,casa,https://casa.metroscubicos.com/MLM-1393597969-casa-sola-en-venta-playa-bonita-_JM
1365240481,campeche,casa,https://casa.metroscubicos.com/MLM-1365240481-casa-sola-en-venta-isla-aguada-_JM
1361850542,campeche,casa,https://casa.metroscubicos.com/MLM-1361850542-casa-sola-en-venta-villa-magna-_JM
1368899805,campeche,rancho,https://casa.metroscubicos.com/MLM-1368899805-rancho-concepcion-_JM
1358195326,campeche,casa,https://casa.metroscubicos.com/MLM-1358195326-casa-en-venta-amueblada-3-recamaras-avenida-resurgimiento-campeche-campeche-_JM
1326000438,campeche,casa,https://casa.metroscubicos.com/MLM-1326000438-casa-en-venta-con-roof-garden-parque-campeche-con-piscina-_JM
858516714,campeche,rancho,https://casa.metroscubicos.com/MLM-858516714-rancho-ganadero-y-agricola-_JM
1398255256,campeche,hotel,https://casa.metroscubicos.com/MLM-1398255256-hotel-con-12-habs-en-venta-en-champoton-campeche-en-el-ma-_JM
955345741,campeche,casa,https://casa.metroscubicos.com/MLM-955345741-casa-las-granjas-_JM
1333255617,campeche,go,https://casa.metroscubicos.com/MLM-1333255617-go-liquidacion-casa-en-calle-campeche-valle-ceylan-tlanepan-_JM
1385508981,campeche,atencion,https://casa.metroscubicos.com/MLM-1385508981-atencion-inversionistas-y-medicos-excelente-oportunidad-de-inversion-_JM
1338056424,campeche,casa,https://casa.metroscubicos.com/MLM-1338056424-casa-en-venta-_JM
1391165399,campeche,casa,https://casa.metroscubicos.com/MLM-1391165399-casa-sola-en-venta-campeche-country-club-_JM
1365298417,campeche,casa,https://casa.metroscubicos.com/MLM-1365298417-casa-sola-en-venta-isla-aguada-_JM
1384505049,campeche,casa,https://casa.metroscubicos.com/MLM-1384505049-casa-sola-en-venta-residencial-del-lago-_JM
1396052087,campeche,casa,https://casa.metroscubicos.com/MLM-1396052087-casa-sola-en-venta-maderas-_JM
1393665059,campeche,ve,https://casa.metroscubicos.com/MLM-1393665059-ve-casa-calkini-en-esquina-_JM
1338030684,campeche,casa,https://casa.metroscubicos.com/MLM-1338030684-casa-en-venta-_JM
1338024184,campeche,hermosa,https://casa.metroscubicos.com/MLM-1338024184-hermosa-casa-en-real-del-carmen-_JM
1421118065,campeche,casa,https://casa.metroscubicos.com/MLM-1421118065-casa-en-fraccionamiento-residencial-san-miguel-cd-del-carmen-_JM
1376489159,campeche,casa,https://casa.metroscubicos.com/MLM-1376489159-casa-uso-de-suelo-en-venta-champoton-centro-_JM
1410122260,campeche,casa,https://casa.metroscubicos.com/MLM-1410122260-casa-en-venta-para-inversionistas-en-el-centro-de-campeche-_JM
1338043608,campeche,terreno,https://casa.metroscubicos.com/MLM-1338043608-terreno-_JM
1405601503,campeche,casa,https://casa.metroscubicos.com/MLM-1405601503-casa-en-venta-_JM
1304478583,campeche,casa,https://casa.metroscubicos.com/MLM-1304478583-casa-sola-en-venta-fracc-los-arcos-_JM
1361967185,campeche,casa,https://casa.metroscubicos.com/MLM-1361967185-casa-sola-en-venta-morelos-_JM
1338043588,campeche,villas,https://casa.metroscubicos.com/MLM-1338043588-villas-de-san-jose-_JM
1416132857,campeche,casa,https://casa.metroscubicos.com/MLM-1416132857-casa-en-venta-en-barrio-santa-ana-campeche-campeche-_JM
1384433353,campeche,casa,https://casa.metroscubicos.com/MLM-1384433353-casa-sola-en-venta-miami-_JM
1412963933,campeche,casa,https://casa.metroscubicos.com/MLM-1412963933-casa-en-venta-o-renta-en-fracc-villas-del-sol-villahermosa-_JM
1405636961,campeche,casa,https://casa.metroscubicos.com/MLM-1405636961-casa-en-venta-en-fraccionamiento-los-rios-_JM
1373304727,campeche,casa,https://casa.metroscubicos.com/MLM-1373304727-casa-en-venta-_JM
1355548905,campeche,casa,https://casa.metroscubicos.com/MLM-1355548905-casa-residencial-en-venta-en-lerma-campeche-_JM
1405636936,campeche,casa,https://casa.metroscubicos.com/MLM-1405636936-casa-habitacion-_JM
1400311188,campeche,casa,https://casa.metroscubicos.com/MLM-1400311188-casa-sola-en-venta-mar-azul-_JM
871936753,campeche,venta,https://casa.metroscubicos.com/MLM-871936753-venta-casa-en-villa-magna-_JM
1405619494,campeche,casa,https://casa.metroscubicos.com/MLM-1405619494-casa-en-venta-_JM
1405630837,campeche,casa,https://casa.metroscubicos.com/MLM-1405630837-casa-ampliada-en-venta-_JM
1405625658,campeche,casa,https://casa.metroscubicos.com/MLM-1405625658-casa-en-venta-_JM
963092905,campeche,casa,https://casa.metroscubicos.com/MLM-963092905-casa-ampliacion-enrique-rodriguez-cano-_JM
1405619527,campeche,casa,https://casa.metroscubicos.com/MLM-1405619527-casa-en-venta-col-san-agustin-del-palmar-_JM
1400360962,campeche,casa,https://casa.metroscubicos.com/MLM-1400360962-casa-sola-en-venta-cuauhtemoc-_JM
1417094483,campeche,casa,https://casa.metroscubicos.com/MLM-1417094483-casa-en-venta-en-residencial-san-miguel-carmen-campeche-dcch-_JM
871936743,campeche,casa,https://casa.metroscubicos.com/MLM-871936743-casa-en-venta-malibran-_JM
1308564517,campeche,casa,https://casa.metroscubicos.com/MLM-1308564517-casa-habitacion-de-1-recamara-en-villas-de-santa-ana-_JM
1411263431,campeche,casa,https://casa.metroscubicos.com/MLM-1411263431-casa-sola-en-venta-residencial-las-palmas-_JM
1384420340,campeche,casa,https://casa.metroscubicos.com/MLM-1384420340-casa-sola-en-venta-san-miguel-_JM
962970342,campeche,casa,https://casa.metroscubicos.com/MLM-962970342-casa-sola-en-venta-fracc-los-rios-_JM
963092897,campeche,casa,https://casa.metroscubicos.com/MLM-963092897-casa-enrique-rodriguez-cano-_JM
1385447439,campeche,casa,https://casa.metroscubicos.com/MLM-1385447439-casa-sola-en-venta-san-baltazar-campeche-_JM
865961823,campeche,casa,https://casa.metroscubicos.com/MLM-865961823-casa-en-colonia-francisco-i-madero-en-venta-renta-_JM
1395778245,campeche,casa,https://casa.metroscubicos.com/MLM-1395778245-casa-sola-en-venta-morelos-_JM
1394779856,campeche,casa,https://casa.metroscubicos.com/MLM-1394779856-casa-sola-en-venta-morelos-_JM
1338043584,campeche,hermosa,https://casa.metroscubicos.com/MLM-1338043584-hermosa-casa-en-residencial-las-palmas-_JM
1387512900,campeche,casa,https://casa.metroscubicos.com/MLM-1387512900-casa-en-venta-en-campeche-campeche-vcr-_JM
1421596368,campeche,casa,https://casa.metroscubicos.com/MLM-1421596368-casa-sola-en-venta-lazaro-cardenas-_JM
1396928447,campeche,casa,https://casa.metroscubicos.com/MLM-1396928447-casa-en-venta-en-bethania-campeche-casa-de-campo-bethania-_JM
1384557231,campeche,casa,https://casa.metroscubicos.com/MLM-1384557231-casa-sola-en-venta-volcanes-_JM
1348037084,campeche,casa,https://casa.metroscubicos.com/MLM-1348037084-casa-en-venta-san-baltazar-campeche-puebla-_JM
1317137271,campeche,9413,https://casa.metroscubicos.com/MLM-1317137271-9413-campeche-chalma-de-guadalupe-_JM
1417155009,campeche,casa,https://casa.metroscubicos.com/MLM-1417155009-casa-en-venta-en-maderas-carmen-campeche-dcch-_JM
865953720,campeche,casa,https://casa.metroscubicos.com/MLM-865953720-casa-local-comercial-en-colonia-centro-en-venta-_JM
871936722,campeche,venta,https://casa.metroscubicos.com/MLM-871936722-venta-de-casa-en-malibran-_JM
1338062818,campeche,imponente,https://casa.metroscubicos.com/MLM-1338062818-imponente-propiedad-de-construccion-doble-_JM
1365221327,campeche,casa,https://casa.metroscubicos.com/MLM-1365221327-casa-sola-en-venta-isla-aguada-_JM
949394539,campeche,casa,https://casa.metroscubicos.com/MLM-949394539-casa-en-venta-colonia-petrolera-ciudad-del-carmen-_JM
941955055,campeche,venta,https://casa.metroscubicos.com/MLM-941955055-venta-en-fracc-18-de-marzo-_JM
1417062398,campeche,casa,https://casa.metroscubicos.com/MLM-1417062398-casa-en-venta-en-palmira-carmen-campeche-dcch-_JM
1394398026,campeche,casa,https://casa.metroscubicos.com/MLM-1394398026-casa-sola-en-venta-capistrano-_JM
1405601486,campeche,bonita,https://casa.metroscubicos.com/MLM-1405601486-bonita-casa-en-villas-de-santa-ana-_JM
1417088686,campeche,casa,https://casa.metroscubicos.com/MLM-1417088686-casa-en-venta-en-santa-rita-carmen-campeche-dcch-_JM
1338011332,campeche,villas,https://casa.metroscubicos.com/MLM-1338011332-villas-de-santa-ana-_JM
1384426716,campeche,casa,https://casa.metroscubicos.com/MLM-1384426716-casa-sola-en-venta-residencial-del-lago-_JM
871936819,campeche,venta,https://casa.metroscubicos.com/MLM-871936819-venta-en-fracc-bivalbo-_JM
1405595109,campeche,casa,https://casa.metroscubicos.com/MLM-1405595109-casa-en-calle-49-_JM
1400360963,campeche,casa,https://casa.metroscubicos.com/MLM-1400360963-casa-sola-en-venta-maderas-_JM
858516681,campeche,tierras,https://casa.metroscubicos.com/MLM-858516681-tierras-agricolas-a-pie-de-carretera-_JM
1338011341,campeche,arrecifes,https://casa.metroscubicos.com/MLM-1338011341-arrecifes-residencial-_JM
1394340839,campeche,casa,https://casa.metroscubicos.com/MLM-1394340839-casa-sola-en-venta-real-del-carmen-_JM
1338004967,campeche,casa,https://casa.metroscubicos.com/MLM-1338004967-casa-en-venta-_JM
1408842990,campeche,casa,https://casa.metroscubicos.com/MLM-1408842990-casa-sola-en-venta-tecolutla-_JM
1421631392,campeche,casa,https://casa.metroscubicos.com/MLM-1421631392-casa-mision-del-carmen-_JM
892643786,campeche,av,https://casa.metroscubicos.com/MLM-892643786-av-de-las-palmas-residencial-las-palmas-metepec-_JM
913300522,campeche,casas,https://casa.metroscubicos.com/MLM-913300522-casas-exclusivas-en-residencial-san-geronimo-cd-campeche-_JM
761649534,campeche,hermosa,https://casa.metroscubicos.com/MLM-761649534-hermosa-casa-colonial-con-amplio-terreno-en-campeche-_JM
1374177690,campeche,casa,https://casa.metroscubicos.com/MLM-1374177690-casa-en-venta-en-calle-43-ciudad-del-carmen-campeche-rb-_JM
1308616418,campeche,casa,https://casa.metroscubicos.com/MLM-1308616418-casa-habitacion-con-privilegiado-terreno-y-area-excedente-_JM
1318058404,campeche,venta,https://casa.metroscubicos.com/MLM-1318058404-venta-fracc-bugambilias-framboyanes-ciudad-del-carmen-_JM
1394215795,campeche,casa,https://casa.metroscubicos.com/MLM-1394215795-casa-sola-en-venta-hacienda-del-mar-_JM
1353945661,campeche,casa,https://casa.metroscubicos.com/MLM-1353945661-casa-sola-en-venta-malibran-_JM
1398419090,campeche,casa,https://casa.metroscubicos.com/MLM-1398419090-casa-sola-en-venta-puerta-de-hierro-_JM
1318175378,campeche,venta,https://casa.metroscubicos.com/MLM-1318175378-venta-fracc-bugambilias-framboyanes-ciudad-del-carmen-_JM
1396055627,campeche,casa,https://casa.metroscubicos.com/MLM-1396055627-casa-sola-en-venta-fracc-res-del-lago-_JM
1338056423,campeche,terreno,https://casa.metroscubicos.com/MLM-1338056423-terreno-en-venta-en-privada-_JM
1394220135,campeche,casa,https://casa.metroscubicos.com/MLM-1394220135-casa-sola-en-venta-isla-de-tris-_JM
1400707747,campeche,casa,https://casa.metroscubicos.com/MLM-1400707747-casa-en-venta-en-fracc-pueblo-maya-campeche-dcch-_JM
871942867,campeche,casa,https://casa.metroscubicos.com/MLM-871942867-casa-en-venta-en-perla-del-golfo-_JM
865954596,campeche,casa,https://casa.metroscubicos.com/MLM-865954596-casa-en-colonia-playon-en-venta-_JM
926161556,campeche,en,https://casa.metroscubicos.com/MLM-926161556-en-venta-san-miguel-ciudad-del-carmen-_JM
932308315,campeche,casa,https://casa.metroscubicos.com/MLM-932308315-casa-en-venta-en-col-santa-margarita-_JM
932232210,campeche,casa,https://casa.metroscubicos.com/MLM-932232210-casa-en-fracc-mediterraneo-_JM
926197452,campeche,en,https://casa.metroscubicos.com/MLM-926197452-en-venta-reforma-ciudad-del-carmen-_JM
1349831660,campeche,casa,https://casa.metroscubicos.com/MLM-1349831660-casa-en-venta-campeche-valle-ceylan-tlalnepantla-_JM
1310381524,campeche,casa,https://casa.metroscubicos.com/MLM-1310381524-casa-en-venta-en-ciudad-del-carmen-campeche-vcr-_JM
932342476,campeche,casa,https://casa.metroscubicos.com/MLM-932342476-casa-en-venta-en-maderas-_JM
1374215830,campeche,casa,https://casa.metroscubicos.com/MLM-1374215830-casa-en-venta-en-privada-68-del-carmen-lomas-de-holche-campeche-rb-_JM
1346328523,campeche,casa,https://casa.metroscubicos.com/MLM-1346328523-casa-ubicada-en-ejido-san-baltazar-puebla-puebla-_JM
1374228837,campeche,casa,https://casa.metroscubicos.com/MLM-1374228837-casa-en-venta-en-andador-31-del-carmen-camaroneros-campeche-rb-_JM
1364413115,campeche,la,https://casa.metroscubicos.com/MLM-1364413115-la-casa-en-barrio-san-jose-campeche-campeche-_JM
1321156201,campeche,casa,https://casa.metroscubicos.com/MLM-1321156201-casa-las-granjas-_JM
1408167869,campeche,er,https://casa.metroscubicos.com/MLM-1408167869-er-venta-de-casa-en-carmen-santa-rita-campeche-_JM
1336295508,campeche,casa,https://casa.metroscubicos.com/MLM-1336295508-casa-en-venta-san-fco-de-campeche-centro-campeche-gjs-_JM
1364413190,campeche,la,https://casa.metroscubicos.com/MLM-1364413190-la-casa-en-venta-en-fracc-renovacion-del-carmen-campeche-_JM
938155926,campeche,casa,https://casa.metroscubicos.com/MLM-938155926-casa-en-venta-ciudad-del-carmen-23-de-julio-_JM
1394215824,campeche,casa,https://casa.metroscubicos.com/MLM-1394215824-casa-sola-en-venta-real-del-carmen-_JM
1400298058,campeche,casa,https://casa.metroscubicos.com/MLM-1400298058-casa-sola-en-venta-puerta-de-hierro-_JM
1395797924,campeche,casa,https://casa.metroscubicos.com/MLM-1395797924-casa-sola-en-venta-fracc-res-del-lago-_JM
1396706411,campeche,casa,https://casa.metroscubicos.com/MLM-1396706411-casa-sola-en-venta-las-huertas-_JM
1393677680,campeche,casa,https://casa.metroscubicos.com/MLM-1393677680-casa-sola-en-venta-morelos-_JM
1405619498,campeche,casa,https://casa.metroscubicos.com/MLM-1405619498-casa-en-isla-aguada-_JM
1408741320,campeche,casa,https://casa.metroscubicos.com/MLM-1408741320-casa-sola-en-venta-hector-perez-martinez-_JM
1405619483,campeche,comoda,https://casa.metroscubicos.com/MLM-1405619483-comoda-casa-en-villas-de-santa-ana-_JM
1408747307,campeche,casa,https://casa.metroscubicos.com/MLM-1408747307-casa-sola-en-venta-morelos-_JM
1408741261,campeche,casa,https://casa.metroscubicos.com/MLM-1408741261-casa-sola-en-venta-santa-margarita-_JM
1390467188,campeche,se,https://casa.metroscubicos.com/MLM-1390467188-se-vende-hermosa-casa-en-maderas-campeche-muy-cerca-del-aeropuerto-regalada-cc-_JM
1365221455,campeche,casa,https://casa.metroscubicos.com/MLM-1365221455-casa-sola-en-venta-manigua-_JM
1381155937,campeche,casa,https://casa.metroscubicos.com/MLM-1381155937-casa-en-venta-en-santa-ana-a-unos-minutos-del-centro-_JM
1365113885,campeche,casa,https://casa.metroscubicos.com/MLM-1365113885-casa-sola-en-venta-santa-rita-ii-_JM
1394239410,campeche,casa,https://casa.metroscubicos.com/MLM-1394239410-casa-sola-en-venta-playa-palmas-_JM
1394297536,campeche,casa,https://casa.metroscubicos.com/MLM-1394297536-casa-sola-en-venta-evergreen-_JM
871936831,campeche,casas,https://casa.metroscubicos.com/MLM-871936831-casas-en-venta-en-fracc-esperanzas-_JM
1394297534,campeche,casa,https://casa.metroscubicos.com/MLM-1394297534-casa-sola-en-venta-mediterraneo-_JM
1308416159,campeche,mm72,https://casa.metroscubicos.com/MLM-1308416159-mm72-venta-de-casa-remate-bancario-en-puebla-puebla-_JM
1394297538,campeche,casa,https://casa.metroscubicos.com/MLM-1394297538-casa-sola-en-venta-fracc-res-san-miguel-_JM
1394340848,campeche,casa,https://casa.metroscubicos.com/MLM-1394340848-casa-sola-en-venta-bugambilias-_JM
1371875031,campeche,excelente,https://casa.metroscubicos.com/MLM-1371875031-excelente-remate-en-campeche-bcf-_JM
1380596399,campeche,casa,https://casa.metroscubicos.com/MLM-1380596399-casa-en-venta-fracc-privanzas-cd-del-carmen-campeche-gjs-_JM
1308616432,campeche,casa,https://casa.metroscubicos.com/MLM-1308616432-casa-habitacion-con-02-departamentos-adicionales-_JM
1410391106,campeche,cg,https://casa.metroscubicos.com/MLM-1410391106-cg-remate-d-casa-al-30-d-su-valor-comercial-en-santa-rita-cd-del-carmen-_JM
1394791274,campeche,casa,https://casa.metroscubicos.com/MLM-1394791274-casa-sola-en-venta-fracc-res-del-lago-_JM
1421619456,campeche,jr,https://casa.metroscubicos.com/MLM-1421619456-jr-venta-de-bonita-casa-en-maderas-ciudad-del-carmen-_JM
1405630863,campeche,local,https://casa.metroscubicos.com/MLM-1405630863-local-comercial-_JM
871936810,campeche,casa,https://casa.metroscubicos.com/MLM-871936810-casa-venta-residencial-mar-azul-modelo-mega-estudio-_JM
962373155,campeche,rancho,https://casa.metroscubicos.com/MLM-962373155-rancho-en-campeche-con-servicios-_JM
1393684816,campeche,casa,https://casa.metroscubicos.com/MLM-1393684816-casa-en-remate-al-70-menos-d-su-valor-comercial-en-sta-rita-cd-del-carmen-cg-_JM
871936811,campeche,venta,https://casa.metroscubicos.com/MLM-871936811-venta-casa-en-residencial-mar-azul-modelo-mega-plus-_JM
1413476967,campeche,casa,https://casa.metroscubicos.com/MLM-1413476967-casa-sola-en-venta-santa-rita-_JM
871940146,campeche,venta,https://casa.metroscubicos.com/MLM-871940146-venta-casas-modelo-plus-en-residencial-mar-azul-_JM
1400356618,campeche,casa,https://casa.metroscubicos.com/MLM-1400356618-casa-uso-de-suelo-en-venta-francisco-i-madero-_JM
1385252408,campeche,casa,https://casa.metroscubicos.com/MLM-1385252408-casa-en-venta-en-cuidad-del-carmen-campeche-jhg-_JM
1393710807,campeche,eh,https://casa.metroscubicos.com/MLM-1393710807-eh-preciosa-casa-en-maderas-ciudad-del-carmen-campeche-_JM
1337706195,campeche,casa,https://casa.metroscubicos.com/MLM-1337706195-casa-hermosa-2-recamaras-privanza-campeche-gjs-_JM
1393711293,campeche,eh,https://casa.metroscubicos.com/MLM-1393711293-eh-casa-en-maderas-ciudad-del-carmen-campeche-_JM
1385993501,campeche,casa,https://casa.metroscubicos.com/MLM-1385993501-casa-sola-en-venta-justicia-social-_JM
1393665833,campeche,eh,https://casa.metroscubicos.com/MLM-1393665833-eh-oportunidad-de-casa-en-maderas-ciudad-del-carmen-campeche-_JM
1393280041,campeche,eh,https://casa.metroscubicos.com/MLM-1393280041-eh-oportunidad-de-casa-en-maderas-campeche-_JM
1402404794,campeche,casa,https://casa.metroscubicos.com/MLM-1402404794-casa-sola-en-venta-barrio-de-san-jose-_JM
1393214678,campeche,eh,https://casa.metroscubicos.com/MLM-1393214678-eh-preciosa-casa-en-maderas-campeche-_JM
1384372632,campeche,casa,https://casa.metroscubicos.com/MLM-1384372632-casa-sola-en-venta-san-baltazar-campeche-_JM
1400013370,campeche,casa,https://casa.metroscubicos.com/MLM-1400013370-casa-sola-en-venta-buenavista-_JM
1393275570,campeche,eh,https://casa.metroscubicos.com/MLM-1393275570-eh-casa-en-maderas-campeche-_JM
1393233697,campeche,eh,https://casa.metroscubicos.com/MLM-1393233697-eh-oportunidad-de-bonita-casa-en-maderas-campeche-_JM
1405713080,campeche,casa,https://casa.metroscubicos.com/MLM-1405713080-casa-sola-en-venta-bivalbo-_JM
1337712789,campeche,casa,https://casa.metroscubicos.com/MLM-1337712789-casa-hermosa-2-recamaras-centro-campeche-gjs-_JM
1365253686,campeche,casa,https://casa.metroscubicos.com/MLM-1365253686-casa-sola-en-venta-miguel-de-la-madrid-_JM
871942883,campeche,casa,https://casa.metroscubicos.com/MLM-871942883-casa-en-venta-en-mar-azul-modelo-super-mega-_JM
1415862061,campeche,casa,https://casa.metroscubicos.com/MLM-1415862061-casa-en-venta-fracc-sta-rita-iii-cd-del-carmen-campeche-gjs-_JM
1411501812,campeche,gs,https://casa.metroscubicos.com/MLM-1411501812-gs-casa-en-venta-por-remate-bancario-_JM
1415805896,campeche,casa,https://casa.metroscubicos.com/MLM-1415805896-casa-en-venta-fraccsta-rita-cd-del-carmen-campeche-gjs-_JM
1409631420,campeche,venta,https://casa.metroscubicos.com/MLM-1409631420-venta-de-casa-maderas-cd-del-carmen-campeche-st3589-dm-_JM
1410375033,campeche,dm1,https://casa.metroscubicos.com/MLM-1410375033-dm1-casa-de-remate-bancario-en-coctera-v-palma-real-campeche-_JM
1410125742,campeche,dm1,https://casa.metroscubicos.com/MLM-1410125742-dm1-casa-de-remate-bancario-en-jabin-pueblo-maya-maderas-campeche-_JM
1409777318,campeche,dm1,https://casa.metroscubicos.com/MLM-1409777318-dm1-casa-de-remate-en-fracc-santa-monica-villas-de-san-jose-carmen-campeche-_JM
1394781266,campeche,casa,https://casa.metroscubicos.com/MLM-1394781266-casa-en-venta-barrio-san-jose-campeche-camp-gjs-_JM
1411574793,campeche,st1033,https://casa.metroscubicos.com/MLM-1411574793-st1033-casa-en-remate-en-carmen-campeche-dm-_JM
1410390334,campeche,dm1,https://casa.metroscubicos.com/MLM-1410390334-dm1-casa-de-remate-bancario-en-santa-rita-carmen-campeche-_JM
1355970738,campeche,hm,https://casa.metroscubicos.com/MLM-1355970738-hm-casa-en-venta-lomas-de-san-rafael-campeche-_JM
880414337,campeche,casa,https://casa.metroscubicos.com/MLM-880414337-casa-en-parque-campeche-_JM
1355977069,campeche,hm,https://casa.metroscubicos.com/MLM-1355977069-hm-casa-en-venta-san-jose-campeche-_JM
1424291939,campeche,venta,https://casa.metroscubicos.com/MLM-1424291939-venta-totalmente-nueva-hermosa-casa-minimalista-fraccionamiento-excelente-zona-trato-directo-_JM
1398838221,campeche,vendo,https://casa.metroscubicos.com/MLM-1398838221-vendo-o-rento-casa-grande-centrica-en-privada-_JM
1404030233,campeche,oportunidad,https://casa.metroscubicos.com/MLM-1404030233-oportunidad-vendo-casa-residencial-junto-liverpool-y-malecon-alta-plusvalia-_JM
1420370340,campeche,2,https://casa.metroscubicos.com/MLM-1420370340-2-recamaras-1-bano-venta-de-casa-_JM
1424718837,campeche,casa,https://casa.metroscubicos.com/MLM-1424718837-casa-en-venta-a-pocos-kilometros-del-centro-historico-de-la-ciudad-de-campeche-mexico-_JM
1408266253,campeche,venta,https://casa.metroscubicos.com/MLM-1408266253-venta-de-casa-en-campeche-campeche-_JM
1323300240,campeche,vendo,https://departamento.metroscubicos.com/MLM-1323300240-vendo-departamento-campeche-252-hipodromo-condesa-_JM
1426096534,campeche,20727,https://departamento.metroscubicos.com/MLM-1426096534-20727-campeche-hipodromo-_JM
1415285614,campeche,campeche,https://departamento.metroscubicos.com/MLM-1415285614-campeche-condesa-_JM
949383368,campeche,departamento,https://departamento.metroscubicos.com/MLM-949383368-departamento-en-venta-valle-poniente-santa-catarina-_JM
962870525,campeche,venta,https://departamento.metroscubicos.com/MLM-962870525-venta-departamento-2-recamaras-campeche-country-club-_JM
1380119909,campeche,departamento,https://departamento.metroscubicos.com/MLM-1380119909-departamento-venta-valle-poniente-el-aguacatal-_JM
1378046853,campeche,15075,https://departamento.metroscubicos.com/MLM-1378046853-15075-2priv-plan-de-guadalupe-san-baltazar-campeche-_JM
1410860060,campeche,18987,https://departamento.metroscubicos.com/MLM-1410860060-18987-campeche-hipodromo-_JM
1380138266,campeche,departamento,https://departamento.metroscubicos.com/MLM-1380138266-departamento-venta-valle-poniente-el-aguacatal-_JM
1408374429,campeche,venta,https://departamento.metroscubicos.com/MLM-1408374429-venta-de-departamentos-colonia-el-lechugal-zona-santa-catarina-_JM
957854836,campeche,departamento,https://departamento.metroscubicos.com/MLM-957854836-departamento-el-lechugal-_JM
1408281864,campeche,departamento,https://departamento.metroscubicos.com/MLM-1408281864-departamento-en-venta-el-lechugal-zona-santa-catarina-_JM
815156326,campeche,departamento,https://departamento.metroscubicos.com/MLM-815156326-departamento-atasta-_JM
1390014125,campeche,16575,https://departamento.metroscubicos.com/MLM-1390014125-16575-campeche-roma-sur-_JM
1412146231,campeche,venta,https://departamento.metroscubicos.com/MLM-1412146231-venta-de-departamentos-frente-al-mar-en-el-country-club-campeche-_JM
1391065981,campeche,departamento,https://departamento.metroscubicos.com/MLM-1391065981-departamento-en-venta-balancancito-_JM
1390639136,campeche,departamento,https://departamento.metroscubicos.com/MLM-1390639136-departamento-en-venta-balancancito-_JM
949394332,campeche,venta,https://departamento.metroscubicos.com/MLM-949394332-venta-departamento-distrito-domo-santa-catarina-_JM
1408988807,campeche,departamento,https://departamento.metroscubicos.com/MLM-1408988807-departamento-el-aguacatal-_JM
1398629145,campeche,17778,https://departamento.metroscubicos.com/MLM-1398629145-17778-campeche-hipodromo-_JM
1399446549,campeche,17790,https://departamento.metroscubicos.com/MLM-1399446549-17790-campeche-hipodromo-condesa-_JM
949386997,campeche,pre,https://departamento.metroscubicos.com/MLM-949386997-pre-venta-departamento-torre-caliza-valle-poniente-santa-catarina-_JM
1317108580,campeche,228,https://departamento.metroscubicos.com/MLM-1317108580-228-campeche-hipodromo-_JM
1394340849,campeche,departamento,https://departamento.metroscubicos.com/MLM-1394340849-departamento-en-venta-bicentenario-_JM
1353915250,campeche,departamento,https://departamento.metroscubicos.com/MLM-1353915250-departamento-en-venta-luis-donaldo-colosio-_JM
949386994,campeche,pre,https://departamento.metroscubicos.com/MLM-949386994-pre-venta-departamento-torre-caliza-valle-poniente-santa-catarina-_JM
1404858466,campeche,calle,https://departamento.metroscubicos.com/MLM-1404858466-calle-en-golfo-de-campeche-tacuba-miguel-hidalgo-cdmx-syp-_JM
1403879515,campeche,amplio,https://departamento.metroscubicos.com/MLM-1403879515-amplio-depa-en-gofo-de-campeche-tacuba-oportunidad-fvc-_JM
1407963817,campeche,excelente,https://departamento.metroscubicos.com/MLM-1407963817-excelente-departamento-en-golfo-de-campeche-tacuba-oportunidad-aefp-_JM
1383064456,campeche,departamento,https://departamento.metroscubicos.com/MLM-1383064456-departamento-lerma-_JM
1399982235,campeche,17934,https://departamento.metroscubicos.com/MLM-1399982235-17934-campeche-hipodromo-_JM
1414367834,campeche,venta,https://departamento.metroscubicos.com/MLM-1414367834-venta-de-departamentos-en-el-country-club-campeche-_JM
1395387224,campeche,se,https://departamento.metroscubicos.com/MLM-1395387224-se-vende-hermosa-casa-en-maderas-campeche-muy-cerca-del-aeropuerto-regalada-cc-_JM
1422820808,campeche,departamento,https://departamento.metroscubicos.com/MLM-1422820808-departamento-circuito-juan-pablo-2o-_JM
1400524327,campeche,campeche,https://departamento.metroscubicos.com/MLM-1400524327-campeche-252-en-la-emblematica-colonia-condesa-_JM
1407728594,campeche,terreno,https://terreno.metroscubicos.com/MLM-1407728594-terreno-en-venta-en-campeche-175-o-350-hectareas-campeche-_JM
952056815,campeche,exclusivo,https://terreno.metroscubicos.com/MLM-952056815-exclusivo-terreno-en-country-club-campeche-con-vista-al-mar-_JM
865954668,campeche,lotes,https://terreno.metroscubicos.com/MLM-865954668-lotes-en-carretera-puerto-real-_JM
865954603,campeche,terreno,https://terreno.metroscubicos.com/MLM-865954603-terreno-con-casa-en-km-35-_JM
808589991,campeche,terreno,https://terreno.metroscubicos.com/MLM-808589991-terreno-aquiles-serdan-_JM
1358206201,campeche,rancho,https://terreno.metroscubicos.com/MLM-1358206201-rancho-agricola-ganadero-en-venta-de-90-hectareas-en-champoton-campeche-_JM
1402404208,campeche,terreno,https://terreno.metroscubicos.com/MLM-1402404208-terreno-rustico-en-venta-16-hectareas-sobre-carretera-_JM
1326022066,campeche,venta,https://terreno.metroscubicos.com/MLM-1326022066-venta-199-hectareas-para-cultivo-y-ganado-_JM
865958187,campeche,terreno,https://terreno.metroscubicos.com/MLM-865958187-terreno-comercial-industrial-con-oficinas-y-galera-_JM
1358183670,campeche,terrenos,https://terreno.metroscubicos.com/MLM-1358183670-terrenos-en-venta-los-6-lotes-juntos-son-14683-has-xpujil-calakmul-campeche-_JM
865961816,campeche,terreno,https://terreno.metroscubicos.com/MLM-865961816-terreno-en-country-club-_JM
871940121,campeche,vendo,https://terreno.metroscubicos.com/MLM-871940121-vendo-dos-terrenos-en-playa-en-km-35-_JM
927570292,campeche,104,https://terreno.metroscubicos.com/MLM-927570292-104-has-en-el-valle-de-campeche-para-agricultura-o-ganaderia-_JM
752961405,campeche,terrenos,https://terreno.metroscubicos.com/MLM-752961405-terrenos-en-venta-en-la-bahia-de-champoton-campeche-_JM
865954632,campeche,terreno,https://terreno.metroscubicos.com/MLM-865954632-terreno-en-privada-punta-del-este-_JM
927594914,campeche,excelente,https://terreno.metroscubicos.com/MLM-927594914-excelente-rancho-agricola-y-ganadero-listo-para-trabajar-_JM
1417747326,campeche,terreno,https://terreno.metroscubicos.com/MLM-1417747326-terreno-ejido-uayamon-_JM
1398171663,campeche,santa,https://terreno.metroscubicos.com/MLM-1398171663-santa-ana-campeche-propiedad-ubicada-a-10-min-del-malecon-_JM
1402436577,campeche,terreno,https://terreno.metroscubicos.com/MLM-1402436577-terreno-en-venta-en-playa-de-sabancuy-campeche-_JM
954695754,campeche,terreno,https://terreno.metroscubicos.com/MLM-954695754-terreno-en-residencial-san-lorenzo-en-primera-fila-_JM
1400706798,campeche,terreno,https://terreno.metroscubicos.com/MLM-1400706798-terreno-san-joaquin-_JM
1365298278,campeche,terreno,https://terreno.metroscubicos.com/MLM-1365298278-terreno-en-venta-isla-aguada-_JM
1416245773,campeche,terreno,https://terreno.metroscubicos.com/MLM-1416245773-terreno-en-venta-en-exclusivo-country-club-campeche-1086-metros-cuadrados-con-vista-al-mar-_JM
949862852,campeche,la,https://terreno.metroscubicos.com/MLM-949862852-la-vida-se-disfruta-pero-si-es-en-campeche-country-club-dif-_JM
1314234510,campeche,terreno,https://terreno.metroscubicos.com/MLM-1314234510-terreno-en-venta-de-6400-mts-en-tenabo-campeche-_JM
1387828237,campeche,macrolotes,https://terreno.metroscubicos.com/MLM-1387828237-macrolotes-agricola-en-venta-champoton-campeche-_JM
1402392468,campeche,venta,https://terreno.metroscubicos.com/MLM-1402392468-venta-de-terreno-rustico-a-30-minutos-de-isla-aguada-campeche-_JM
1387209033,campeche,venta,https://terreno.metroscubicos.com/MLM-1387209033-venta-1500-ha-entre-pomuch-y-tenabo-_JM
1402417247,campeche,en,https://terreno.metroscubicos.com/MLM-1402417247-en-venta-terreno-de-inversion-en-cerca-del-cerro-de-buena-ventura-champoton-campeche-_JM
1385552175,campeche,terreno,https://terreno.metroscubicos.com/MLM-1385552175-terreno-comercial-en-venta-san-baltazar-campeche-_JM
1402417265,campeche,terreno,https://terreno.metroscubicos.com/MLM-1402417265-terreno-en-venta-a-orilla-del-mar-en-sabancuy-_JM
1363014049,campeche,terrenos,https://terreno.metroscubicos.com/MLM-1363014049-terrenos-en-venta-en-prado-campeche-_JM
1387517670,campeche,se,https://terreno.metroscubicos.com/MLM-1387517670-se-vende-terreno-de-oportunidad--_JM
942740170,campeche,terrenos,https://terreno.metroscubicos.com/MLM-942740170-terrenos-en-arrecifes-en-venta-_JM
1416252037,campeche,venta,https://terreno.metroscubicos.com/MLM-1416252037-venta-terreno-en-col-bellavista-_JM
1363352740,campeche,terreno,https://terreno.metroscubicos.com/MLM-1363352740-terreno-en-venta-isla-aguada-_JM
1376757401,campeche,terreno,https://terreno.metroscubicos.com/MLM-1376757401-terreno-comercial-en-venta-santa-amalia-_JM
927589989,campeche,terreno,https://terreno.metroscubicos.com/MLM-927589989-terreno-a-orilla-de-playa-en-sabancuy-campeche-a-35-kms-de-isla-aguada-_JM
951641336,campeche,se,https://terreno.metroscubicos.com/MLM-951641336-se-venden-470-hectareas-en-candelaria-camp-_JM
1422690257,campeche,terreno,https://terreno.metroscubicos.com/MLM-1422690257-terreno-comercial-en-venta-malecon-_JM
1403091652,campeche,terreno,https://terreno.metroscubicos.com/MLM-1403091652-terreno-champoton-_JM
932860788,campeche,terreno,https://terreno.metroscubicos.com/MLM-932860788-terreno-en-la-calle-53-en-venta-_JM
865954620,campeche,se,https://terreno.metroscubicos.com/MLM-865954620-se-venden-lotes-residenciales-en-carretera-carmen-puerto-rea-_JM
1403111049,campeche,macrolotes,https://terreno.metroscubicos.com/MLM-1403111049-macrolotes-de-inversion-agricola-con-rendimiento-anual-hopelchen-campeche-_JM
865954667,campeche,casa,https://terreno.metroscubicos.com/MLM-865954667-casa-con-local-en-calle-33-en-venta-_JM
1390502038,campeche,terreno,https://terreno.metroscubicos.com/MLM-1390502038-terreno-en-venta-en-campeche-ideal-para-proyecto-san-joaqui-_JM
1338017583,campeche,terreno,https://terreno.metroscubicos.com/MLM-1338017583-terreno-en-venta-en-campeche-a-2-horas-de-ciudad-del-carme-_JM
871936749,campeche,venta,https://terreno.metroscubicos.com/MLM-871936749-venta-de-terreno-con-const-en-bivalvo-_JM
1397481822,campeche,terreno,https://terreno.metroscubicos.com/MLM-1397481822-terreno-en-venta-isla-aguada-_JM
1308680945,campeche,venta,https://terreno.metroscubicos.com/MLM-1308680945-venta-terreno-_JM
1408854937,campeche,terreno,https://terreno.metroscubicos.com/MLM-1408854937-terreno-en-venta-sabancuy-_JM
1403078783,campeche,terreno,https://terreno.metroscubicos.com/MLM-1403078783-terreno-calakmul-_JM
1402011095,campeche,terreno,https://terreno.metroscubicos.com/MLM-1402011095-terreno-en-venta-en-campeche-sabancuy-_JM
1402036883,campeche,terreno,https://terreno.metroscubicos.com/MLM-1402036883-terreno-en-venta-en-campechecalakmul-_JM
1366666454,campeche,venta,https://terreno.metroscubicos.com/MLM-1366666454-venta-terreno-en-el-centro-de-champoton-campeche-_JM
1398597724,campeche,terreno,https://terreno.metroscubicos.com/MLM-1398597724-terreno-agricola-en-venta-en-xcupil-hopelchen-mt-22-4542-_JM
1406810033,campeche,xen,https://terreno.metroscubicos.com/MLM-1406810033-xen-_JM
1398555089,campeche,terreno,https://terreno.metroscubicos.com/MLM-1398555089-terreno-agricola-en-venta-en-campeche-hopelchen-mt-22-4544-_JM
1398567368,campeche,terreno,https://terreno.metroscubicos.com/MLM-1398567368-terreno-agricola-en-hopelchen-xcupil-mt-22-4543-_JM
1421585278,campeche,terreno,https://terreno.metroscubicos.com/MLM-1421585278-terreno-agricola-en-venta-en-xcupil-hopelchen-mt-22-4542-_JM
1405683052,campeche,terreno,https://terreno.metroscubicos.com/MLM-1405683052-terreno-en-venta-en-hopelchem-xcupil-gy-22-4542-_JM
1402011078,campeche,terreno,https://terreno.metroscubicos.com/MLM-1402011078-terreno-en-venta-en-campechecalakmul-_JM
1421584545,campeche,terreno,https://terreno.metroscubicos.com/MLM-1421584545-terreno-agricola-en-venta-en-campeche-hopelchen-mt-22-4544-_JM
1399311996,campeche,terreno,https://terreno.metroscubicos.com/MLM-1399311996-terreno-agricola-en-hopelchen-xcupil-rt-22-4543-_JM
1405715653,campeche,terreno,https://terreno.metroscubicos.com/MLM-1405715653-terreno-agricola-en-venta-en-hopelchemxcupil-gy-22-4544-_JM
1399226951,campeche,terreno,https://terreno.metroscubicos.com/MLM-1399226951-terreno-en-venta-para-inversion-agricola-gis22-4542-_JM
1422690273,campeche,terreno,https://terreno.metroscubicos.com/MLM-1422690273-terreno-comercial-en-venta-champoton-centro-_JM
1399418952,campeche,terreno,https://terreno.metroscubicos.com/MLM-1399418952-terreno-agricola-en-venta-en-campeche-hopelchen-rt-22-4544-_JM
1399417612,campeche,terreno,https://terreno.metroscubicos.com/MLM-1399417612-terreno-en-venta-hopelchem-xcupil-ir-22-4542-_JM
1421590986,campeche,terreno,https://terreno.metroscubicos.com/MLM-1421590986-terreno-agricola-en-hopelchen-xcupil-mt-22-4543-_JM
1405664873,campeche,terreno,https://terreno.metroscubicos.com/MLM-1405664873-terreno-en-venta-en-hopelchem-xcupil-gy-22-4543-_JM
1402068712,campeche,terreno,https://terreno.metroscubicos.com/MLM-1402068712-terreno-en-venta-en-campechecalakmul-_JM
1399263169,campeche,terreno,https://terreno.metroscubicos.com/MLM-1399263169-terreno-en-venta-para-inversion-agricola-gis-22-4543-_JM
1399431697,campeche,terreno,https://terreno.metroscubicos.com/MLM-1399431697-terreno-agricola-en-venta-en-xcupil-hopelchen-rt-22-4542-_JM
1399263101,campeche,terreno,https://terreno.metroscubicos.com/MLM-1399263101-terreno-en-venta-para-inversion-agricola-gis-22-4544-_JM
1352998995,campeche,470,https://terreno.metroscubicos.com/MLM-1352998995-470-hectareas-en-campeche-para-ganaderia-_JM
782288083,campeche,rancho,https://terreno.metroscubicos.com/MLM-782288083-rancho-de-4251-has-en-holpechen-campeche-_JM
1363024999,campeche,terrenos,https://terreno.metroscubicos.com/MLM-1363024999-terrenos-en-venta-en-china-campeche-_JM
791485408,campeche,terreno,https://terreno.metroscubicos.com/MLM-791485408-terreno-en-esquina-con-construccion-en-venta-cd-del-carmen-_JM
939519956,campeche,terreno,https://terreno.metroscubicos.com/MLM-939519956-terreno-en-km-18-carretera-carmen-puerto-real-en-venta-_JM
1398494299,campeche,terreno,https://terreno.metroscubicos.com/MLM-1398494299-terreno-de-oportunidades-dentro-de-zona-urbana-_JM
962379655,campeche,terreno,https://terreno.metroscubicos.com/MLM-962379655-terreno-en-campeche-sobre-periferico-_JM
1363031538,campeche,terrenos,https://terreno.metroscubicos.com/MLM-1363031538-terrenos-en-venta-en-yaxche-akal-hopelchen-_JM
1338011344,campeche,terreno,https://terreno.metroscubicos.com/MLM-1338011344-terreno-_JM
1403065772,campeche,terreno,https://terreno.metroscubicos.com/MLM-1403065772-terreno-campeche-_JM
1400465016,campeche,terreno,https://terreno.metroscubicos.com/MLM-1400465016-terreno-industrial-en-venta-isla-aguada-_JM
1353684319,campeche,rancho,https://terreno.metroscubicos.com/MLM-1353684319-rancho-enfrente-de-tenabo-_JM
1383787598,campeche,terreno,https://terreno.metroscubicos.com/MLM-1383787598-terreno-en-venta-periferico-de-campeche-ctv205-_JM
1402030382,campeche,terreno,https://terreno.metroscubicos.com/MLM-1402030382-terreno-en-venta-en-campechecalakmul-_JM
1405613178,campeche,terreno,https://terreno.metroscubicos.com/MLM-1405613178-terreno-industrial-_JM
1422732702,campeche,terreno,https://terreno.metroscubicos.com/MLM-1422732702-terreno-comercial-en-venta-malecon-_JM
1422719902,campeche,terreno,https://terreno.metroscubicos.com/MLM-1422719902-terreno-comercial-en-venta-malecon-_JM
913298239,campeche,terreno,https://terreno.metroscubicos.com/MLM-913298239-terreno-urbano-en-col-mexico-ciudad-de-campeche-_JM
1353908730,campeche,terreno,https://terreno.metroscubicos.com/MLM-1353908730-terreno-en-venta-isla-aguada-_JM
1341543090,campeche,terreno,https://terreno.metroscubicos.com/MLM-1341543090-terreno-en-venta-kanki-campeche-_JM
777174831,campeche,el,https://terreno.metroscubicos.com/MLM-777174831-el-boqueron-en-venta-terreno-sabancuy-campeche-_JM
1339271329,campeche,terreno,https://terreno.metroscubicos.com/MLM-1339271329-terreno-cercano-al-poste-entre-holpechen-bolonchen-campec-_JM
1349361507,campeche,venta,https://terreno.metroscubicos.com/MLM-1349361507-venta-terreno-forma-regular-champoton-campeche-_JM
1405619470,campeche,terrenos,https://terreno.metroscubicos.com/MLM-1405619470-terrenos-explotados-_JM
1334224065,campeche,terreno,https://terreno.metroscubicos.com/MLM-1334224065-terreno-en-venta-manigua-_JM
1338024188,campeche,terreno,https://terreno.metroscubicos.com/MLM-1338024188-terreno-en-venta-en-isla-aguada-_JM
932363748,campeche,terreno,https://terreno.metroscubicos.com/MLM-932363748-terreno-en-venta-en-isla-del-carmen-2000-_JM
1338011330,campeche,terreno,https://terreno.metroscubicos.com/MLM-1338011330-terreno-en-reforma-la-esperanza-_JM
865954666,campeche,terreno,https://terreno.metroscubicos.com/MLM-865954666-terreno-en-colonia-23-de-julio-_JM
873918247,campeche,terreno,https://terreno.metroscubicos.com/MLM-873918247-terreno-en-venta-en-country-club-_JM
1378202020,campeche,ciudad,https://terreno.metroscubicos.com/MLM-1378202020-ciudad-del-carmen-campeche-_JM
1402030381,campeche,terreno,https://terreno.metroscubicos.com/MLM-1402030381-terreno-en-venta-en-campechecalakmul-_JM
1338004948,campeche,terreno,https://terreno.metroscubicos.com/MLM-1338004948-terreno-en-punta-del-este-_JM
1402011079,campeche,terreno,https://terreno.metroscubicos.com/MLM-1402011079-terreno-en-venta-en-campechecalakmul-_JM
1405583078,campeche,terreno,https://terreno.metroscubicos.com/MLM-1405583078-terreno-en-23-de-julio-_JM
1322211272,campeche,terreno,https://terreno.metroscubicos.com/MLM-1322211272-terreno-monclova-_JM
1373211002,campeche,venta,https://terreno.metroscubicos.com/MLM-1373211002-venta-de-terrenos-entre-sabancuy-y-escarcega-_JM
1365113887,campeche,terreno,https://terreno.metroscubicos.com/MLM-1365113887-terreno-en-venta-isla-aguada-_JM
1304057641,campeche,venta,https://terreno.metroscubicos.com/MLM-1304057641-venta-terreno-rancho-el-astillero-_JM
940123180,campeche,venta,https://terreno.metroscubicos.com/MLM-940123180-venta-terreno-santa-amalia-_JM
1365075816,campeche,terreno,https://terreno.metroscubicos.com/MLM-1365075816-terreno-en-venta-isla-aguada-_JM
963043162,campeche,carretera,https://terreno.metroscubicos.com/MLM-963043162-carretera-merida-campeche-terreno-de-46439-m2-_JM
1378996266,campeche,venta,https://terreno.metroscubicos.com/MLM-1378996266-venta-de-terreno-en-alvaro-obregon-campeche-_JM
1402006522,campeche,terreno,https://terreno.metroscubicos.com/MLM-1402006522-terreno-en-venta-en-carmen-campeche-_JM
1334260755,campeche,terreno,https://terreno.metroscubicos.com/MLM-1334260755-terreno-comercial-en-venta-compositores-_JM
1406863602,campeche,san,https://terreno.metroscubicos.com/MLM-1406863602-san-joaquin-_JM
1405589349,campeche,terrenos,https://terreno.metroscubicos.com/MLM-1405589349-terrenos-explotados-_JM
1421602562,campeche,terreno,https://terreno.metroscubicos.com/MLM-1421602562-terreno-comercial-en-venta-compositores-_JM
961144295,campeche,terrenos,https://terreno.metroscubicos.com/MLM-961144295-terrenos-frente-al-mar-en-venta-sabancuy-ciudad-del-carmen-_JM
865954630,campeche,terreno,https://terreno.metroscubicos.com/MLM-865954630-terreno-en-isla-aguada-_JM
1365234419,campeche,terreno,https://terreno.metroscubicos.com/MLM-1365234419-terreno-en-venta-isla-aguada-_JM
1365246992,campeche,terreno,https://terreno.metroscubicos.com/MLM-1365246992-terreno-en-venta-isla-aguada-_JM
1385573964,campeche,terreno,https://terreno.metroscubicos.com/MLM-1385573964-terreno-en-venta-pueblo-sihochac-campeche-_JM
1363012340,campeche,terrenos,https://terreno.metroscubicos.com/MLM-1363012340-terrenos-en-venta-en-lerma-centro-campeche-_JM
1396076776,campeche,terreno,https://terreno.metroscubicos.com/MLM-1396076776-terreno-en-venta-playa-norte-_JM
1408836422,campeche,terreno,https://terreno.metroscubicos.com/MLM-1408836422-terreno-en-venta-atasta-_JM
1338030677,campeche,terrenos,https://terreno.metroscubicos.com/MLM-1338030677-terrenos-con-uso-de-suelo-industrial-_JM
871940131,campeche,vendo,https://terreno.metroscubicos.com/MLM-871940131-vendo-terreno-con-excelente-ubicacion-_JM
1408729238,campeche,terreno,https://terreno.metroscubicos.com/MLM-1408729238-terreno-en-venta-volcanes-_JM
962378251,campeche,terreno,https://terreno.metroscubicos.com/MLM-962378251-terreno-industrial-en-venta-camino-la-victoria-_JM
1396516071,campeche,terreno,https://terreno.metroscubicos.com/MLM-1396516071-terreno-en-venta-manigua-_JM
1329945034,campeche,terreno,https://terreno.metroscubicos.com/MLM-1329945034-terreno-en-venta-en-campeche-_JM
1403111033,campeche,sabancuy,https://terreno.metroscubicos.com/MLM-1403111033-sabancuy-campeche-terreno-_JM
1416872184,campeche,terreno,https://terreno.metroscubicos.com/MLM-1416872184-terreno-en-venta-champoton-centro-_JM
1400197309,campeche,terreno,https://terreno.metroscubicos.com/MLM-1400197309-terreno-a-orilla-de-carretera-merida-campeche-14-has-_JM
1368832453,campeche,san,https://terreno.metroscubicos.com/MLM-1368832453-san-joaquin-campeche-campeche-_JM
1422732721,campeche,terreno,https://terreno.metroscubicos.com/MLM-1422732721-terreno-comercial-en-venta-champoton-centro-_JM
1421622195,campeche,terreno,https://terreno.metroscubicos.com/MLM-1421622195-terreno-en-venta-champoton-centro-_JM
1346642624,campeche,terreno,https://terreno.metroscubicos.com/MLM-1346642624-terreno-el-carmen-_JM
939538916,campeche,terreno,https://terreno.metroscubicos.com/MLM-939538916-terreno-cerca-de-la-playa-en-venta-_JM
913824438,campeche,terreno,https://terreno.metroscubicos.com/MLM-913824438-terreno-de-3-ha-en-koben-campeche-_JM
865954563,campeche,terreno,https://terreno.metroscubicos.com/MLM-865954563-terreno-en-isla-aguada-_JM
920195203,campeche,terreno,https://terreno.metroscubicos.com/MLM-920195203-terreno-en-venta-con-construccion-en-esquina-becal-campeche-_JM
1332013925,campeche,venta,https://terreno.metroscubicos.com/MLM-1332013925-venta-de-terreno-irregular-en-campeche-_JM
913304547,campeche,terreno,https://terreno.metroscubicos.com/MLM-913304547-terreno-de-urbano-en-colonia-tepeyac-campeche-_JM
871936735,campeche,terreno,https://terreno.metroscubicos.com/MLM-871936735-terreno-en-venta-belisario-_JM
1338043589,campeche,terreno,https://terreno.metroscubicos.com/MLM-1338043589-terreno-con-uso-de-suelo-de-industrial-_JM
871936706,campeche,terreno,https://terreno.metroscubicos.com/MLM-871936706-terreno-en-venta-en-san-carlos-_JM
932735375,campeche,venta,https://terreno.metroscubicos.com/MLM-932735375-venta-de-lotes-en-av-central-_JM
1361980624,campeche,terreno,https://terreno.metroscubicos.com/MLM-1361980624-terreno-en-venta-manigua-_JM
1361843778,campeche,terreno,https://terreno.metroscubicos.com/MLM-1361843778-terreno-comercial-en-venta-manigua-_JM
865961778,campeche,terreno,https://terreno.metroscubicos.com/MLM-865961778-terreno-con-casa-en-isla-aguada-_JM
1365253623,campeche,terreno,https://terreno.metroscubicos.com/MLM-1365253623-terreno-en-venta-isla-aguada-_JM
871942800,campeche,venta,https://terreno.metroscubicos.com/MLM-871942800-venta-de-terreno-en-malibran-_JM
1362956835,campeche,terrenos,https://terreno.metroscubicos.com/MLM-1362956835-terrenos-en-venta-en-lerma-centro-campeche-_JM
1408836325,campeche,terreno,https://terreno.metroscubicos.com/MLM-1408836325-terreno-en-venta-matamoros-_JM
1400190785,campeche,terreno,https://terreno.metroscubicos.com/MLM-1400190785-terreno-de-20-hectareas-en-la-ciudad-de-campeche-250-m2-pro-_JM
1405589330,campeche,terreno,https://terreno.metroscubicos.com/MLM-1405589330-terreno-villa-sabancuy-_JM
865954625,campeche,terreno,https://terreno.metroscubicos.com/MLM-865954625-terreno-en-isla-aguada-_JM
1363045447,campeche,terreno,https://terreno.metroscubicos.com/MLM-1363045447-terreno-en-venta-parque-campeche-lomas-de-angelopolis-_JM
1363018549,campeche,terrenos,https://terreno.metroscubicos.com/MLM-1363018549-terrenos-en-venta-en-aserradero-champoton-_JM
922836868,campeche,amplio,https://terreno.metroscubicos.com/MLM-922836868-amplio-terreno-urbanizado-en-col-justo-sierra-en-venta-_JM
865954676,campeche,lotes,https://terreno.metroscubicos.com/MLM-865954676-lotes-en-sabancuy-_JM
1413354306,campeche,terreno,https://terreno.metroscubicos.com/MLM-1413354306-terreno-para-vivienda-sobre-autopista-merida-campeche-en-calkini-_JM
1362981168,campeche,terrenos,https://terreno.metroscubicos.com/MLM-1362981168-terrenos-en-venta-en-san-jorge-carmen-_JM
1399724561,campeche,oportunidad,https://terreno.metroscubicos.com/MLM-1399724561-oportunidad-de-inversion-terreno-en-monclova-_JM
1331992621,campeche,terreno,https://terreno.metroscubicos.com/MLM-1331992621-terreno-en-san-joaquin-campeche-entrega-inmediata-_JM
1420761267,campeche,terreno,https://terreno.metroscubicos.com/MLM-1420761267-terreno-en-venta-champoton-centro-_JM
1345361776,campeche,se,https://terreno.metroscubicos.com/MLM-1345361776-se-venden-9-has-en-dzitbalche-campeche-_JM
938097272,campeche,terreno,https://terreno.metroscubicos.com/MLM-938097272-terreno-en-col-20-de-noviembre-en-venta-_JM
935963272,campeche,venta,https://terreno.metroscubicos.com/MLM-935963272-venta-terreno-unidad-esfuerzo-y-trabajo-i-_JM
1408842648,campeche,terreno,https://terreno.metroscubicos.com/MLM-1408842648-terreno-en-venta-nuevo-progreso-_JM
1363018472,campeche,terrenos,https://terreno.metroscubicos.com/MLM-1363018472-terrenos-en-venta-en-champoton-centro-champoton-_JM
1348689525,campeche,terreno,https://terreno.metroscubicos.com/MLM-1348689525-terreno-calakmul-_JM
949387158,campeche,terreno,https://terreno.metroscubicos.com/MLM-949387158-terreno-en-venta-san-francisco-de-campeche-en-campeche-_JM
927563452,campeche,magnifico,https://terreno.metroscubicos.com/MLM-927563452-magnifico-terreno-cerca-de-carretera-lerma-campeche-_JM
1379019596,campeche,venta,https://terreno.metroscubicos.com/MLM-1379019596-venta-de-terreno-en-hopelchen-campeche-_JM
932665412,campeche,terreno,https://terreno.metroscubicos.com/MLM-932665412-terreno-en-venta-en-carretera-km-105-_JM
871936842,campeche,terreno,https://terreno.metroscubicos.com/MLM-871936842-terreno-en-venta-en-ave-libertad-_JM
1392169187,campeche,se,https://terreno.metroscubicos.com/MLM-1392169187-se-venden-130-hectareas-en-hopelchen-campeche-_JM
939634106,campeche,terreno,https://terreno.metroscubicos.com/MLM-939634106-terreno-en-calle-46-en-venta-_JM
1394215823,campeche,terreno,https://terreno.metroscubicos.com/MLM-1394215823-terreno-en-venta-manigua-_JM
1400197350,campeche,terreno,https://terreno.metroscubicos.com/MLM-1400197350-terreno-dentro-de-campeche-20-hectareas-propiedad-privada-2-_JM
1399966593,campeche,terreno,https://terreno.metroscubicos.com/MLM-1399966593-terreno-comercial-en-venta-champoton-centro-_JM
1367198697,campeche,terrenos,https://terreno.metroscubicos.com/MLM-1367198697-terrenos-en-venta-col-mirador-campeche-_JM
1367198527,campeche,terreno,https://terreno.metroscubicos.com/MLM-1367198527-terreno-en-venta-en-china-campeche-_JM
1399279450,campeche,terreno,https://terreno.metroscubicos.com/MLM-1399279450-terreno-en-venta-hopelchem-xcupil-ir-22-4544-_JM
1415310301,campeche,propiedad,https://terreno.metroscubicos.com/MLM-1415310301-propiedad-en-venta-en-sabancuy-campeche-a-15kms-de-playa-_JM
1409928118,campeche,terreno,https://terreno.metroscubicos.com/MLM-1409928118-terreno-en-venta-en-campeche-la-palizada-el-juncal-_JM
1419759202,campeche,terreno,https://terreno.metroscubicos.com/MLM-1419759202-terreno-en-calle-principal-de-imi-1-campeche-_JM
1401102079,campeche,terreno,https://terreno.metroscubicos.com/MLM-1401102079-terreno-rustico-en-venta-o-renta-450-m2-_JM
1397855546,campeche,terreno,https://terreno.metroscubicos.com/MLM-1397855546-terreno-puebla-barato-_JM
1398597251,campeche,terreno,https://terreno.metroscubicos.com/MLM-1398597251-terreno-en-venta-_JM
1398211188,campeche,se,https://terreno.metroscubicos.com/MLM-1398211188-se-remata-terreno-_JM
